821e54d2-ec63-4175-8827-eede52dddda4,Holly,Seth,holly@gmail.com,
ecd9a424-e18b-43cd-a6cf-037086cd9a7a,Chadwick,Slessar,chadwick@gmail.com,
5d401d5c-2828-45ba-868b-9ed492c2757b,Cleavland,Hamal,cleavland@gmail.com,
2a989975-5782-4b17-8912-1e40c45067a2,Ailina,Snelman,ailina@gmail.com,
26e01bad-8a70-4765-aa1a-7632c309fb22,Bethany,Tourot,bethany@gmail.com,
cca7f11e-ae7c-4311-bd47-e7313572d3d3,Reed,Lipmann,reed@gmail.com,
3a15a1ac-a37a-4324-b9f0-a88d2a9ea923,Reeta,Penas,reeta@gmail.com,
94031b01-8e8c-4601-a434-f59db469f6a7,Leighton,Dey,leighton@gmail.com,
15a1c543-f458-418a-940a-354fa1f87d0c,Sergei,Clace,sergei@gmail.com,
37bbafac-8f0b-42ab-b40f-12c5ef061581,Chrisy,Moorwood,chrisy@gmail.com,